<?xml version="1.0" encoding="UTF-8"?>
<beans xmlns="http://www.springframework.org/schema/beans"
	xmlns:mvc="http://www.springframework.org/schema/mvc"
	xmlns:xsi="http://www.w3.org/2001/XMLSchema-instance"
	xmlns:context="http://www.springframework.org/schema/context"
	xmlns:security="http://www.springframework.org/schema/security"
	xsi:schemaLocation="
		http://www.springframework.org/schema/security 
		http://www.springframework.org/schema/security/spring-security.xsd
		http://www.springframework.org/schema/beans
		https://www.springframework.org/schema/beans/spring-beans.xsd
		http://www.springframework.org/schema/mvc
		https://www.springframework.org/schema/mvc/spring-mvc.xsd
		http://www.springframework.org/schema/context 
		https://www.springframework.org/schema/context/spring-context.xsd">
			
	<mvc:annotation-driven></mvc:annotation-driven>
	
	
	
	<bean class="org.springframework.web.servlet.view.InternalResourceViewResolver"> 
        <property name="prefix" value="/WEB-INF/views/"/> 
        <property name="suffix" value=".jsp"/> 
    </bean>
	
	<context:component-scan base-package="kr.or.hira.controller"></context:component-scan>		
	
	<security:global-method-security pre-post-annotations="enabled"></security:global-method-security>
	
	
</beans>