<?xml version="1.0" encoding="UTF-8"?>
<!DOCTYPE mapper
  PUBLIC "-//mybatis.org//DTD Mapper 3.0//EN"
  "https://mybatis.org/dtd/mybatis-3-mapper.dtd">

<mapper namespace="kr.or.hira.mapper.BoardMapper">

	<sql id="search">
		<if test="types != null and keyword != null">
			<foreach collection="arr" item="type" open="and (" close=")"
				separator="OR">

				<if test='type.equals("T")'>
					title like CONCAT('%',#{keyword},'%')
				</if>
				<if test='type.equals("C")'>
					content like CONCAT('%', #{keyword}, '%')
				</if>
				<if test='type.equals("W")'>
					writer like CONCAT('%', #{keyword}, '%')
				</if>

			</foreach>
		</if>
	</sql>

	<select id="count" resultType="int">
		select count(*) from tbl_board where bno > 0 <include refid="search" />
	</select>

	<select id="list" resultType="BoardDTO">
		SELECT *
		FROM tbl_board
		WHERE bno > 0

		<include refid="search" />

		ORDER BY bno
		DESC LIMIT #{limit} OFFSET #{offset}
	</select>

	<insert id="insert">
		<selectKey order="AFTER" keyProperty="bno" resultType="long">
			SELECT LAST_INSERT_ID()
			<!-- 오라클에서 사용 -->
			<!-- select 시퀀스.currval() from dual -->
		</selectKey>
		insert into tbl_board (title, content,writer) values (#{title},
		#{content}, #{writer})
	</insert>

	<select id="selectOne" resultType="BoardDTO">
		SELECT * FROM tbl_board WHERE
		bno = #{bno}
	</select>

	<update id="remove">
		UPDATE tbl_board SET delflag = true WHERE bno =
		#{bno}
	</update>

	<update id="update">
		UPDATE tbl_board
		SET title = #{title} , content =
		#{content}, updatedate = now(), delflag = #{delFlag}
		WHERE bno = #{bno}
	</update>
</mapper>
