<?xml version="1.0" encoding="UTF-8"?>
<beans xmlns="http://www.springframework.org/schema/beans"
	xmlns:xsi="http://www.w3.org/2001/XMLSchema-instance"
	xmlns:context="http://www.springframework.org/schema/context"
  xmlns:mybatis-spring="http://mybatis.org/schema/mybatis-spring"
	xmlns:aop="http://www.springframework.org/schema/aop"
	
  xmlns:tx="http://www.springframework.org/schema/tx"
	
	xsi:schemaLocation="
		http://www.springframework.org/schema/beans 
		https://www.springframework.org/schema/beans/spring-beans.xsd
		http://www.springframework.org/schema/context 
		https://www.springframework.org/schema/context/spring-context.xsd
    http://mybatis.org/schema/mybatis-spring 
	  http://mybatis.org/schema/mybatis-spring.xsd 
	  http://www.springframework.org/schema/aop 
	  https://www.springframework.org/schema/aop/spring-aop.xsd
	  
	  http://www.springframework.org/schema/tx
    http://www.springframework.org/schema/tx/spring-tx.xsd
	  
	  ">

	<bean name="hikariConfig" class="com.zaxxer.hikari.HikariConfig">
		<property name="driverClassName"
			value="org.mariadb.jdbc.Driver" />
		<property name="jdbcUrl"
			value="jdbc:mariadb://localhost:3306/springdb" />
		<property name="username" value="springdbuser" />
		<property name="password" value="springdbuser" />
		<property name="connectionTimeout" value="30000" />
		<property name="minimumIdle" value="2" />
	</bean>
	<bean name="dataSource" class="com.zaxxer.hikari.HikariDataSource"
		destroy-method="close">
		<constructor-arg ref="hikariConfig" />
	</bean>
	
	
	
	
	
	
	<bean class="org.mybatis.spring.SqlSessionFactoryBean">
		<property name="dataSource" ref="dataSource"></property>
		<property name="mapperLocations" value="classpath:/mapper/*.xml"/>
		
		<property name="configLocation" value="classpath:mybatis-config.xml"/>
	</bean>
	
	
	<bean id="transactionManager"
		class="org.springframework.jdbc.datasource.DataSourceTransactionManager">
		<property name="dataSource" ref="dataSource" />
	</bean>
	
	
	<mybatis-spring:scan base-package="kr.or.hira.mapper"/>
	
	<context:component-scan base-package="kr.or.hira.service"></context:component-scan>
	<context:component-scan base-package="kr.or.hira.aop"></context:component-scan>
	
	<tx:annotation-driven/>
	<aop:aspectj-autoproxy></aop:aspectj-autoproxy>

	
	
	

</beans>

