<?xml version="1.0" encoding="UTF-8"?>
<beans xmlns="http://www.springframework.org/schema/beans"
	xmlns:mvc="http://www.springframework.org/schema/mvc"
	xmlns:xsi="http://www.w3.org/2001/XMLSchema-instance"
	xmlns:context="http://www.springframework.org/schema/context"
	xsi:schemaLocation="
		http://www.springframework.org/schema/beans
		https://www.springframework.org/schema/beans/spring-beans.xsd
		http://www.springframework.org/schema/mvc
		https://www.springframework.org/schema/mvc/spring-mvc.xsd
		http://www.springframework.org/schema/context 
		https://www.springframework.org/schema/context/spring-context.xsd">
		
		
	<bean class="org.springframework.web.servlet.view.InternalResourceViewResolver"> 
        <property name="prefix" value="/WEB-INF/views/"/> 
        <property name="suffix" value=".jsp"/> 
    </bean>
    
    <mvc:annotation-driven></mvc:annotation-driven>
    
    <context:component-scan base-package="kr.or.hira.controller"></context:component-scan>
    
    <mvc:resources mapping="/resources/**" location="/resources/" />
    
      <bean id="multipartResolver"
         class="org.springframework.web.multipart.support.StandardServletMultipartResolver"/>
</beans>

